"Path","Added","Deleted","Decision","Status","Reason","Testable","Deployable","Bucket","AlignmentDecision","AlignmentNote"
".devcontainer/devcontainer.json","26","0","keep_user_requested","kept_per_user","Editor metadata only; CI uses the Dockerfile directly, but retained because you explicitly said not to remove it.","No","Yes","protected_web","",""
".devcontainer/Dockerfile","46","0","keep","kept","Retained after audit because it is part of web enablement, shared runtime support, tests, or CI integration and was not proven unnecessary.","Yes","Yes","protected_web","",""
".github/actions/web-test-env/action.yml","71","0","keep","kept","Retained after audit because it is part of web enablement, shared runtime support, tests, or CI integration and was not proven unnecessary.","Yes","Yes","protected_web","",""
".github/workflows/mkdocs.yml","16","1","keep","kept","Retained after audit because it is part of web enablement, shared runtime support, tests, or CI integration and was not proven unnecessary.","Yes","Yes","audited_non_web","keep","Legacy audited keep; retain only if still required for web correctness or shared test support."
".github/workflows/web-build.yml","620","0","keep","kept","Retained after audit because it is part of web enablement, shared runtime support, tests, or CI integration and was not proven unnecessary.","Yes","Yes","protected_web","",""
".github/workflows/web-war-deep-nightly.yml","68","0","keep_user_requested","kept_per_user","Extra nightly coverage lane; not required for the upstreamable web PR, but retained because you explicitly said not to remove it.","No","Yes","protected_web","",""
".gitignore","5","0","keep","kept","Retained after audit because it is part of web enablement, shared runtime support, tests, or CI integration and was not proven unnecessary.","Yes","Yes","audited_non_web","keep","Legacy audited keep; retain only if still required for web correctness or shared test support."
"AGENTS.md","2","0","keep_user_requested","kept_per_user","Local agent prompt file; not product or CI code, but retained because you explicitly said not to remove it.","No","Yes","meta_user","",""
"ai_stuffs/docs/arch_web.md","156","0","keep_user_requested","kept_per_user","AI process artifact; not runtime, build, or test logic, but retained because you explicitly said not to remove it.","No","Yes","meta_user","",""
"ai_stuffs/docs/strange_stuffs.md","78","0","keep_user_requested","kept_per_user","AI process artifact; not runtime, build, or test logic, but retained because you explicitly said not to remove it.","No","Yes","meta_user","",""
"ai_stuffs/docs/web-capability-staging.md","35","0","keep_user_requested","kept_per_user","AI process artifact; not runtime, build, or test logic, but retained because you explicitly said not to remove it.","No","Yes","meta_user","",""
"ai_stuffs/logs/progress.md","1100","0","keep_user_requested","kept_per_user","AI process artifact; not runtime, build, or test logic, but retained because you explicitly said not to remove it.","No","Yes","meta_user","",""
"ai_stuffs/logs/progress_02_15.md","121","0","keep_user_requested","kept_per_user","AI process artifact; not runtime, build, or test logic, but retained because you explicitly said not to remove it.","No","Yes","meta_user","",""
"ai_stuffs/planning/features.csv","12","0","keep_user_requested","kept_per_user","AI process artifact; not runtime, build, or test logic, but retained because you explicitly said not to remove it.","No","Yes","meta_user","",""
"ai_stuffs/planning/plan.md","57","0","keep_user_requested","kept_per_user","AI process artifact; not runtime, build, or test logic, but retained because you explicitly said not to remove it.","No","Yes","meta_user","",""
"ai_stuffs/planning/plan_phase_2.md","197","0","keep_user_requested","kept_per_user","AI process artifact; not runtime, build, or test logic, but retained because you explicitly said not to remove it.","No","Yes","meta_user","",""
"ai_stuffs/planning/plan_phase_3.md","175","0","keep_user_requested","kept_per_user","AI process artifact; not runtime, build, or test logic, but retained because you explicitly said not to remove it.","No","Yes","meta_user","",""
"ai_stuffs/planning/plan_phase_4.md","63","0","keep_user_requested","kept_per_user","AI process artifact; not runtime, build, or test logic, but retained because you explicitly said not to remove it.","No","Yes","meta_user","",""
"ai_stuffs/planning/planMake WAR UI E2E Deterministic, Real, and Preload-Backed (Local-Only).csv","11","0","keep_user_requested","kept_per_user","AI process artifact; not runtime, build, or test logic, but retained because you explicitly said not to remove it.","No","Yes","meta_user","",""
"ai_stuffs/README.md","29","0","keep_user_requested","kept_per_user","AI process artifact; not runtime, build, or test logic, but retained because you explicitly said not to remove it.","No","Yes","meta_user","",""
"ai_stuffs/repro_clickops_ci_chain.csv","27","0","keep_user_requested","kept_per_user","AI process artifact; not runtime, build, or test logic, but retained because you explicitly said not to remove it.","No","Yes","meta_user","",""
"android/assets/Skin.json","0","13","keep","kept","Retained after audit because it is part of web enablement, shared runtime support, tests, or CI integration and was not proven unnecessary.","Yes","Yes","audited_non_web","keep","Legacy audited keep; retain only if still required for web correctness or shared test support."
"build.gradle.kts","46","37","keep","kept","Retained after audit because it is part of web enablement, shared runtime support, tests, or CI integration and was not proven unnecessary.","Yes","Yes","audited_non_web","keep","Legacy audited keep; retain only if still required for web correctness or shared test support."
"buildSrc/src/main/kotlin/WebBuildTasks.kt","331","0","keep","kept","Retained after audit because it is part of web enablement, shared runtime support, tests, or CI integration and was not proven unnecessary.","Yes","Yes","protected_web","",""
"core/src/com/unciv/json/TileMapSerializer.kt","93","0","keep","kept","Retained after audit because it is part of web enablement, shared runtime support, tests, or CI integration and was not proven unnecessary.","Yes","Yes","audited_non_web","keep","Legacy audited keep; retain only if still required for web correctness or shared test support."
"core/src/com/unciv/json/UncivJson.kt","4","0","keep","kept","Retained after audit because it is part of web enablement, shared runtime support, tests, or CI integration and was not proven unnecessary.","Yes","Yes","audited_non_web","keep","Legacy audited keep; retain only if still required for web correctness or shared test support."
"core/src/com/unciv/json/Vector2Serializer.kt","26","0","keep","kept","Retained after audit because it is part of web enablement, shared runtime support, tests, or CI integration and was not proven unnecessary.","Yes","Yes","audited_non_web","keep","Legacy audited keep; retain only if still required for web correctness or shared test support."
"core/src/com/unciv/json/WebJsonFallback.kt","195","0","keep","kept","Retained after audit because it is part of web enablement, shared runtime support, tests, or CI integration and was not proven unnecessary.","Yes","Yes","audited_non_web","keep","Legacy audited keep; retain only if still required for web correctness or shared test support."
"core/src/com/unciv/logic/AlternatingStateManager.kt","2","2","keep","kept","Retained after audit because it is part of web enablement, shared runtime support, tests, or CI integration and was not proven unnecessary.","Yes","Yes","audited_non_web","keep","Legacy audited keep; retain only if still required for web correctness or shared test support."
"core/src/com/unciv/logic/automation/unit/UnitAutomation.kt","4","2","keep","kept","Retained after audit because it is part of web enablement, shared runtime support, tests, or CI integration and was not proven unnecessary.","Yes","Yes","audited_non_web","keep","Legacy audited keep; retain only if still required for web correctness or shared test support."
"core/src/com/unciv/logic/civilization/Civilization.kt","2","1","keep","kept","Retained after audit because it is part of web enablement, shared runtime support, tests, or CI integration and was not proven unnecessary.","Yes","Yes","audited_non_web","keep","Legacy audited keep; retain only if still required for web correctness or shared test support."
"core/src/com/unciv/logic/civilization/managers/PolicyManager.kt","17","3","keep","kept","Retained after audit because it is part of web enablement, shared runtime support, tests, or CI integration and was not proven unnecessary.","Yes","Yes","audited_non_web","keep","Legacy audited keep; retain only if still required for web correctness or shared test support."
"core/src/com/unciv/logic/civilization/managers/TurnManager.kt","94","72","keep","kept","Retained after audit because it is part of web enablement, shared runtime support, tests, or CI integration and was not proven unnecessary.","Yes","Yes","audited_non_web","keep","Legacy audited keep; retain only if still required for web correctness or shared test support."
"core/src/com/unciv/logic/civilization/managers/VictoryManager.kt","1","0","keep","kept","Retained after audit because it is part of web enablement, shared runtime support, tests, or CI integration and was not proven unnecessary.","Yes","Yes","audited_non_web","keep","Legacy audited keep; retain only if still required for web correctness or shared test support."
"core/src/com/unciv/logic/event/EventBus.kt","8","2","keep","kept","Retained after audit because it is part of web enablement, shared runtime support, tests, or CI integration and was not proven unnecessary.","Yes","Yes","audited_non_web","keep","Legacy audited keep; retain only if still required for web correctness or shared test support."
"core/src/com/unciv/logic/files/FileChooser.kt","29","4","keep","kept","Retained after audit because it is part of web enablement, shared runtime support, tests, or CI integration and was not proven unnecessary.","Yes","Yes","audited_non_web","keep","Legacy audited keep; retain only if still required for web correctness or shared test support."
"core/src/com/unciv/logic/files/IMediaFinder.kt","2","5","keep","kept","Retained after audit because it is part of web enablement, shared runtime support, tests, or CI integration and was not proven unnecessary.","Yes","Yes","audited_non_web","keep","Legacy audited keep; retain only if still required for web correctness or shared test support."
"core/src/com/unciv/logic/files/MapSaver.kt","6","1","keep","kept","Retained after audit because it is part of web enablement, shared runtime support, tests, or CI integration and was not proven unnecessary.","Yes","Yes","audited_non_web","keep","Legacy audited keep; retain only if still required for web correctness or shared test support."
"core/src/com/unciv/logic/files/UncivFiles.kt","166","19","keep","kept","Retained after audit because it is part of web enablement, shared runtime support, tests, or CI integration and was not proven unnecessary.","Yes","Yes","audited_non_web","compose","Keep upstream save behavior by default; use portable serialization for custom-location export and preserve the web snapshot fallback path."
"core/src/com/unciv/logic/GameInfo.kt","152","95","partial_revert","fixed","Restored upstream checksum behavior when available and removed branch-wide save-load normalization that silently rewrote base ruleset/mods on every platform.","Yes","Yes","audited_non_web","compose","Legacy partial revert; keep upstream as the default behavior and re-apply only the minimal web-specific adaptation."
"core/src/com/unciv/logic/github/Github.kt","2","2","keep","kept","Retained after audit because it is part of web enablement, shared runtime support, tests, or CI integration and was not proven unnecessary.","Yes","Yes","audited_non_web","keep","Legacy audited keep; retain only if still required for web correctness or shared test support."
"core/src/com/unciv/logic/github/GithubAPI.kt","2","2","keep","kept","Retained after audit because it is part of web enablement, shared runtime support, tests, or CI integration and was not proven unnecessary.","Yes","Yes","audited_non_web","keep","Legacy audited keep; retain only if still required for web correctness or shared test support."
"core/src/com/unciv/logic/map/mapgenerator/mapregions/StartNormalizer.kt","4","3","keep","kept","Retained after audit because it is part of web enablement, shared runtime support, tests, or CI integration and was not proven unnecessary.","Yes","Yes","audited_non_web","keep","Legacy audited keep; retain only if still required for web correctness or shared test support."
"core/src/com/unciv/logic/map/mapgenerator/MapResourceSetting.kt","6","5","keep","kept","Retained after audit because it is part of web enablement, shared runtime support, tests, or CI integration and was not proven unnecessary.","Yes","Yes","audited_non_web","keep","Legacy audited keep; retain only if still required for web correctness or shared test support."
"core/src/com/unciv/logic/map/mapgenerator/resourceplacement/StrategicBonusResourcePlacementLogic.kt","6","3","keep","kept","Retained after audit because it is part of web enablement, shared runtime support, tests, or CI integration and was not proven unnecessary.","Yes","Yes","audited_non_web","keep","Legacy audited keep; retain only if still required for web correctness or shared test support."
"core/src/com/unciv/logic/map/mapunit/MapUnit.kt","1","1","keep","kept","Retained after audit because it is part of web enablement, shared runtime support, tests, or CI integration and was not proven unnecessary.","Yes","Yes","audited_non_web","keep","Legacy audited keep; retain only if still required for web correctness or shared test support."
"core/src/com/unciv/logic/map/tile/Tile.kt","8","2","keep","kept","Retained after audit because it is part of web enablement, shared runtime support, tests, or CI integration and was not proven unnecessary.","Yes","Yes","audited_non_web","keep","Legacy audited keep; retain only if still required for web correctness or shared test support."
"core/src/com/unciv/logic/multiplayer/apiv2/ApiV2.kt","6","5","keep","kept","Retained after audit because it is part of web enablement, shared runtime support, tests, or CI integration and was not proven unnecessary.","Yes","Yes","audited_non_web","keep","Legacy audited keep; retain only if still required for web correctness or shared test support."
"core/src/com/unciv/logic/multiplayer/apiv2/ApiV2Wrapper.kt","21","25","keep","kept","Retained after audit because it is part of web enablement, shared runtime support, tests, or CI integration and was not proven unnecessary.","Yes","Yes","audited_non_web","keep","Legacy audited keep; retain only if still required for web correctness or shared test support."
"core/src/com/unciv/logic/multiplayer/chat/ChatWebSocket.kt","3","3","keep","kept","Retained after audit because it is part of web enablement, shared runtime support, tests, or CI integration and was not proven unnecessary.","Yes","Yes","audited_non_web","keep","Legacy audited keep; retain only if still required for web correctness or shared test support."
"core/src/com/unciv/logic/multiplayer/Multiplayer.kt","17","5","keep","kept","Retained after audit because it is part of web enablement, shared runtime support, tests, or CI integration and was not proven unnecessary.","Yes","Yes","audited_non_web","keep","Legacy audited keep; retain only if still required for web correctness or shared test support."
"core/src/com/unciv/logic/multiplayer/MultiplayerFiles.kt","4","4","keep","kept","Retained after audit because it is part of web enablement, shared runtime support, tests, or CI integration and was not proven unnecessary.","Yes","Yes","audited_non_web","keep","Legacy audited keep; retain only if still required for web correctness or shared test support."
"core/src/com/unciv/logic/multiplayer/MultiplayerGamePreview.kt","4","5","keep","kept","Retained after audit because it is part of web enablement, shared runtime support, tests, or CI integration and was not proven unnecessary.","Yes","Yes","audited_non_web","keep","Legacy audited keep; retain only if still required for web correctness or shared test support."
"core/src/com/unciv/logic/multiplayer/storage/AsyncAuthProvider.kt","7","0","keep","kept","Retained after audit because it is part of web enablement, shared runtime support, tests, or CI integration and was not proven unnecessary.","Yes","Yes","audited_non_web","keep","Legacy audited keep; retain only if still required for web correctness or shared test support."
"core/src/com/unciv/logic/multiplayer/storage/DropBox.kt","7","3","keep","kept","Retained after audit because it is part of web enablement, shared runtime support, tests, or CI integration and was not proven unnecessary.","Yes","Yes","audited_non_web","keep","Legacy audited keep; retain only if still required for web correctness or shared test support."
"core/src/com/unciv/logic/multiplayer/storage/MultiplayerServer.kt","6","1","keep","kept","Retained after audit because it is part of web enablement, shared runtime support, tests, or CI integration and was not proven unnecessary.","Yes","Yes","audited_non_web","keep","Legacy audited keep; retain only if still required for web correctness or shared test support."
"core/src/com/unciv/logic/simulation/Simulation.kt","2","3","keep","kept","Retained after audit because it is part of web enablement, shared runtime support, tests, or CI integration and was not proven unnecessary.","Yes","Yes","audited_non_web","keep","Legacy audited keep; retain only if still required for web correctness or shared test support."
"core/src/com/unciv/models/metadata/GameParameters.kt","4","1","keep","kept","Retained after audit because it is part of web enablement, shared runtime support, tests, or CI integration and was not proven unnecessary.","Yes","Yes","audited_non_web","keep","Legacy audited keep; retain only if still required for web correctness or shared test support."
"core/src/com/unciv/models/metadata/GameSettings.kt","15","14","partial_revert","fixed","Restored locale-aware Collator behavior on threaded platforms; kept fallback comparator only for constrained web runtime.","Yes","Yes","audited_non_web","compose","Legacy partial revert; keep upstream as the default behavior and re-apply only the minimal web-specific adaptation."
"core/src/com/unciv/models/metadata/LocaleCode.kt","8","1","keep","kept","Retained after audit because it is part of web enablement, shared runtime support, tests, or CI integration and was not proven unnecessary.","Yes","Yes","audited_non_web","keep","Legacy audited keep; retain only if still required for web correctness or shared test support."
"core/src/com/unciv/models/metadata/ModCategories.kt","8","4","keep","kept","Retained after audit because it is part of web enablement, shared runtime support, tests, or CI integration and was not proven unnecessary.","Yes","Yes","audited_non_web","keep","Legacy audited keep; retain only if still required for web correctness or shared test support."
"core/src/com/unciv/models/Religion.kt","4","1","keep","kept","Retained after audit because it is part of web enablement, shared runtime support, tests, or CI integration and was not proven unnecessary.","Yes","Yes","audited_non_web","keep","Legacy audited keep; retain only if still required for web correctness or shared test support."
"core/src/com/unciv/models/ruleset/nation/Nation.kt","1","1","keep","kept","Retained after audit because it is part of web enablement, shared runtime support, tests, or CI integration and was not proven unnecessary.","Yes","Yes","audited_non_web","keep","Legacy audited keep; retain only if still required for web correctness or shared test support."
"core/src/com/unciv/models/ruleset/Ruleset.kt","517","29","keep","kept","Retained after audit because it is part of web enablement, shared runtime support, tests, or CI integration and was not proven unnecessary.","Yes","Yes","audited_non_web","keep","Legacy audited keep; retain only if still required for web correctness or shared test support."
"core/src/com/unciv/models/ruleset/RulesetCache.kt","37","17","keep","kept","Retained after audit because it is part of web enablement, shared runtime support, tests, or CI integration and was not proven unnecessary.","Yes","Yes","audited_non_web","keep","Legacy audited keep; retain only if still required for web correctness or shared test support."
"core/src/com/unciv/models/ruleset/Tutorial.kt","1","1","keep","kept","Retained after audit because it is part of web enablement, shared runtime support, tests, or CI integration and was not proven unnecessary.","Yes","Yes","audited_non_web","keep","Legacy audited keep; retain only if still required for web correctness or shared test support."
"core/src/com/unciv/models/ruleset/unique/Countables.kt","25","1","keep","kept","Retained after audit because it is part of web enablement, shared runtime support, tests, or CI integration and was not proven unnecessary.","Yes","Yes","audited_non_web","keep","Legacy audited keep; retain only if still required for web correctness or shared test support."
"core/src/com/unciv/models/ruleset/unique/UniqueType.kt","5","2","keep","kept","Retained after audit because it is part of web enablement, shared runtime support, tests, or CI integration and was not proven unnecessary.","Yes","Yes","audited_non_web","keep","Legacy audited keep; retain only if still required for web correctness or shared test support."
"core/src/com/unciv/models/ruleset/validation/RulesetValidator.kt","2","1","keep","kept","Retained after audit because it is part of web enablement, shared runtime support, tests, or CI integration and was not proven unnecessary.","Yes","Yes","audited_non_web","keep","Legacy audited keep; retain only if still required for web correctness or shared test support."
"core/src/com/unciv/models/ruleset/validation/UniqueValidator.kt","2","2","keep","kept","Retained after audit because it is part of web enablement, shared runtime support, tests, or CI integration and was not proven unnecessary.","Yes","Yes","audited_non_web","keep","Legacy audited keep; retain only if still required for web correctness or shared test support."
"core/src/com/unciv/models/translations/TranslationFileWriter.kt","11","5","keep","kept","Retained after audit because it is part of web enablement, shared runtime support, tests, or CI integration and was not proven unnecessary.","Yes","Yes","audited_non_web","keep","Legacy audited keep; retain only if still required for web correctness or shared test support."
"core/src/com/unciv/models/translations/Translations.kt","35","2","keep","kept","Retained after audit because it is part of web enablement, shared runtime support, tests, or CI integration and was not proven unnecessary.","Yes","Yes","audited_non_web","keep","Legacy audited keep; retain only if still required for web correctness or shared test support."
"core/src/com/unciv/models/UncivSound.kt","22","0","keep","kept","Retained after audit because it is part of web enablement, shared runtime support, tests, or CI integration and was not proven unnecessary.","Yes","Yes","audited_non_web","keep","Legacy audited keep; retain only if still required for web correctness or shared test support."
"core/src/com/unciv/platform/PlatformCapabilities.kt","226","0","keep","kept","Retained after audit because it is part of web enablement, shared runtime support, tests, or CI integration and was not proven unnecessary.","Yes","Yes","audited_non_web","keep","Legacy audited keep; retain only if still required for web correctness or shared test support."
"core/src/com/unciv/ui/audio/MusicController.kt","30","8","keep","kept","Retained after audit because it is part of web enablement, shared runtime support, tests, or CI integration and was not proven unnecessary.","Yes","Yes","audited_non_web","keep","Legacy audited keep; retain only if still required for web correctness or shared test support."
"core/src/com/unciv/ui/audio/SoundPlayer.kt","14","23","partial_revert","fixed","Restored delayed Android retry path and preload pacing to avoid GL-thread busy looping and startup hitches.","Yes","Yes","audited_non_web","compose","Legacy partial revert; keep upstream as the default behavior and re-apply only the minimal web-specific adaptation."
"core/src/com/unciv/ui/components/extensions/Scene2dExtensions.kt","13","4","keep","kept","Retained after audit because it is part of web enablement, shared runtime support, tests, or CI integration and was not proven unnecessary.","Yes","Yes","audited_non_web","keep","Legacy audited keep; retain only if still required for web correctness or shared test support."
"core/src/com/unciv/ui/components/input/KeyboardBinding.kt","24","4","keep","kept","Retained after audit because it is part of web enablement, shared runtime support, tests, or CI integration and was not proven unnecessary.","Yes","Yes","audited_non_web","keep","Legacy audited keep; retain only if still required for web correctness or shared test support."
"core/src/com/unciv/ui/components/UncivTooltip.kt","6","2","keep","kept","Retained after audit because it is part of web enablement, shared runtime support, tests, or CI integration and was not proven unnecessary.","Yes","Yes","audited_non_web","keep","Legacy audited keep; retain only if still required for web correctness or shared test support."
"core/src/com/unciv/ui/components/widgets/ColorMarkupLabel.kt","2","10","keep","kept","Retained after audit because it is part of web enablement, shared runtime support, tests, or CI integration and was not proven unnecessary.","Yes","Yes","audited_non_web","keep","Legacy audited keep; retain only if still required for web correctness or shared test support."
"core/src/com/unciv/ui/components/widgets/TabbedPager.kt","1","1","keep","kept","Retained after audit because it is part of web enablement, shared runtime support, tests, or CI integration and was not proven unnecessary.","Yes","Yes","audited_non_web","keep","Legacy audited keep; retain only if still required for web correctness or shared test support."
"core/src/com/unciv/ui/components/widgets/TranslatedSelectBox.kt","2","1","keep","kept","Retained after audit because it is part of web enablement, shared runtime support, tests, or CI integration and was not proven unnecessary.","Yes","Yes","audited_non_web","keep","Legacy audited keep; retain only if still required for web correctness or shared test support."
"core/src/com/unciv/ui/components/widgets/UncivTextField.kt","2","2","keep","kept","Retained after audit because it is part of web enablement, shared runtime support, tests, or CI integration and was not proven unnecessary.","Yes","Yes","audited_non_web","keep","Legacy audited keep; retain only if still required for web correctness or shared test support."
"core/src/com/unciv/ui/components/widgets/ZoomableScrollPane.kt","44","4","keep","kept","Retained after audit because it is part of web enablement, shared runtime support, tests, or CI integration and was not proven unnecessary.","Yes","Yes","audited_non_web","keep","Legacy audited keep; retain only if still required for web correctness or shared test support."
"core/src/com/unciv/ui/crashhandling/CrashScreen.kt","8","5","keep","kept","Retained after audit because it is part of web enablement, shared runtime support, tests, or CI integration and was not proven unnecessary.","Yes","Yes","audited_non_web","keep","Legacy audited keep; retain only if still required for web correctness or shared test support."
"core/src/com/unciv/ui/popups/AuthPopup.kt","20","1","keep","kept","Retained after audit because it is part of web enablement, shared runtime support, tests, or CI integration and was not proven unnecessary.","Yes","Yes","audited_non_web","keep","Legacy audited keep; retain only if still required for web correctness or shared test support."
"core/src/com/unciv/ui/popups/options/AdvancedTab.kt","46","56","keep","kept","Retained after audit because it is part of web enablement, shared runtime support, tests, or CI integration and was not proven unnecessary.","Yes","Yes","audited_non_web","keep","Legacy audited keep; retain only if still required for web correctness or shared test support."
"core/src/com/unciv/ui/popups/options/DebugTab.kt","13","11","keep","kept","Retained after audit because it is part of web enablement, shared runtime support, tests, or CI integration and was not proven unnecessary.","Yes","Yes","audited_non_web","keep","Legacy audited keep; retain only if still required for web correctness or shared test support."
"core/src/com/unciv/ui/popups/options/DisplayTab.kt","1","0","keep","kept","Retained after audit because it is part of web enablement, shared runtime support, tests, or CI integration and was not proven unnecessary.","Yes","Yes","audited_non_web","keep","Legacy audited keep; retain only if still required for web correctness or shared test support."
"core/src/com/unciv/ui/popups/options/ModCheckTab.kt","3","2","keep","kept","Retained after audit because it is part of web enablement, shared runtime support, tests, or CI integration and was not proven unnecessary.","Yes","Yes","audited_non_web","keep","Legacy audited keep; retain only if still required for web correctness or shared test support."
"core/src/com/unciv/ui/popups/options/MultiplayerTab.kt","59","18","keep","kept","Retained after audit because it is part of web enablement, shared runtime support, tests, or CI integration and was not proven unnecessary.","Yes","Yes","audited_non_web","keep","Legacy audited keep; retain only if still required for web correctness or shared test support."
"core/src/com/unciv/ui/popups/options/OptionsPopup.kt","9","6","keep","kept","Retained after audit because it is part of web enablement, shared runtime support, tests, or CI integration and was not proven unnecessary.","Yes","Yes","audited_non_web","keep","Legacy audited keep; retain only if still required for web correctness or shared test support."
"core/src/com/unciv/ui/popups/options/OptionsPopupHelpers.kt","4","4","keep","kept","Retained after audit because it is part of web enablement, shared runtime support, tests, or CI integration and was not proven unnecessary.","Yes","Yes","audited_non_web","keep","Legacy audited keep; retain only if still required for web correctness or shared test support."
"core/src/com/unciv/ui/popups/options/SoundTab.kt","10","2","keep","kept","Retained after audit because it is part of web enablement, shared runtime support, tests, or CI integration and was not proven unnecessary.","Yes","Yes","audited_non_web","keep","Legacy audited keep; retain only if still required for web correctness or shared test support."
"core/src/com/unciv/ui/popups/ToastPopup.kt","2","2","keep","kept","Retained after audit because it is part of web enablement, shared runtime support, tests, or CI integration and was not proven unnecessary.","Yes","Yes","audited_non_web","keep","Legacy audited keep; retain only if still required for web correctness or shared test support."
"core/src/com/unciv/ui/screens/basescreen/BaseScreen.kt","11","3","keep","kept","Retained after audit because it is part of web enablement, shared runtime support, tests, or CI integration and was not proven unnecessary.","Yes","Yes","audited_non_web","keep","Legacy audited keep; retain only if still required for web correctness or shared test support."
"core/src/com/unciv/ui/screens/cityscreen/CityConstructionsTable.kt","1","1","keep","kept","Retained after audit because it is part of web enablement, shared runtime support, tests, or CI integration and was not proven unnecessary.","Yes","Yes","audited_non_web","keep","Legacy audited keep; retain only if still required for web correctness or shared test support."
"core/src/com/unciv/ui/screens/cityscreen/CityMapHolder.kt","1","1","keep","kept","Retained after audit because it is part of web enablement, shared runtime support, tests, or CI integration and was not proven unnecessary.","Yes","Yes","audited_non_web","keep","Legacy audited keep; retain only if still required for web correctness or shared test support."
"core/src/com/unciv/ui/screens/cityscreen/CityScreen.kt","5","5","keep","kept","Retained after audit because it is part of web enablement, shared runtime support, tests, or CI integration and was not proven unnecessary.","Yes","Yes","audited_non_web","keep","Legacy audited keep; retain only if still required for web correctness or shared test support."
"core/src/com/unciv/ui/screens/cityscreen/CityScreenCityPickerTable.kt","1","1","keep","kept","Retained after audit because it is part of web enablement, shared runtime support, tests, or CI integration and was not proven unnecessary.","Yes","Yes","audited_non_web","keep","Legacy audited keep; retain only if still required for web correctness or shared test support."
"core/src/com/unciv/ui/screens/cityscreen/CityStatsTable.kt","3","3","keep","kept","Retained after audit because it is part of web enablement, shared runtime support, tests, or CI integration and was not proven unnecessary.","Yes","Yes","audited_non_web","keep","Legacy audited keep; retain only if still required for web correctness or shared test support."
"core/src/com/unciv/ui/screens/cityscreen/ConstructionInfoTable.kt","1","1","keep","kept","Retained after audit because it is part of web enablement, shared runtime support, tests, or CI integration and was not proven unnecessary.","Yes","Yes","audited_non_web","keep","Legacy audited keep; retain only if still required for web correctness or shared test support."
"core/src/com/unciv/ui/screens/civilopediascreen/MarkupRenderer.kt","2","1","keep","kept","Retained after audit because it is part of web enablement, shared runtime support, tests, or CI integration and was not proven unnecessary.","Yes","Yes","audited_non_web","keep","Legacy audited keep; retain only if still required for web correctness or shared test support."
"core/src/com/unciv/ui/screens/diplomacyscreen/OfferColumnsTable.kt","1","1","keep","kept","Retained after audit because it is part of web enablement, shared runtime support, tests, or CI integration and was not proven unnecessary.","Yes","Yes","audited_non_web","keep","Legacy audited keep; retain only if still required for web correctness or shared test support."
"core/src/com/unciv/ui/screens/mainmenuscreen/MainMenuScreen.kt","145","39","keep","kept","Retained after audit because it is part of web enablement, shared runtime support, tests, or CI integration and was not proven unnecessary.","Yes","Yes","audited_non_web","keep","Legacy audited keep; retain only if still required for web correctness or shared test support."
"core/src/com/unciv/ui/screens/mapeditorscreen/EditorMapHolder.kt","2","2","keep","kept","Retained after audit because it is part of web enablement, shared runtime support, tests, or CI integration and was not proven unnecessary.","Yes","Yes","audited_non_web","keep","Legacy audited keep; retain only if still required for web correctness or shared test support."
"core/src/com/unciv/ui/screens/mapeditorscreen/MapEditorScreen.kt","2","2","keep","kept","Retained after audit because it is part of web enablement, shared runtime support, tests, or CI integration and was not proven unnecessary.","Yes","Yes","audited_non_web","keep","Legacy audited keep; retain only if still required for web correctness or shared test support."
"core/src/com/unciv/ui/screens/mapeditorscreen/MapEditorWesnothImporter.kt","6","6","keep","kept","Retained after audit because it is part of web enablement, shared runtime support, tests, or CI integration and was not proven unnecessary.","Yes","Yes","audited_non_web","keep","Legacy audited keep; retain only if still required for web correctness or shared test support."
"core/src/com/unciv/ui/screens/mapeditorscreen/tabs/MapEditorEditTab.kt","1","1","keep","kept","Retained after audit because it is part of web enablement, shared runtime support, tests, or CI integration and was not proven unnecessary.","Yes","Yes","audited_non_web","keep","Legacy audited keep; retain only if still required for web correctness or shared test support."
"core/src/com/unciv/ui/screens/mapeditorscreen/tabs/MapEditorOptionsTab.kt","14","12","keep","kept","Retained after audit because it is part of web enablement, shared runtime support, tests, or CI integration and was not proven unnecessary.","Yes","Yes","audited_non_web","keep","Legacy audited keep; retain only if still required for web correctness or shared test support."
"core/src/com/unciv/ui/screens/modmanager/ModInfoAndActionPane.kt","2","1","keep","kept","Retained after audit because it is part of web enablement, shared runtime support, tests, or CI integration and was not proven unnecessary.","Yes","Yes","audited_non_web","keep","Legacy audited keep; retain only if still required for web correctness or shared test support."
"core/src/com/unciv/ui/screens/modmanager/ModManagementScreen.kt","19","3","keep","kept","Retained after audit because it is part of web enablement, shared runtime support, tests, or CI integration and was not proven unnecessary.","Yes","Yes","audited_non_web","keep","Legacy audited keep; retain only if still required for web correctness or shared test support."
"core/src/com/unciv/ui/screens/multiplayerscreens/AddFriendScreen.kt","2","2","keep","kept","Retained after audit because it is part of web enablement, shared runtime support, tests, or CI integration and was not proven unnecessary.","Yes","Yes","audited_non_web","keep","Legacy audited keep; retain only if still required for web correctness or shared test support."
"core/src/com/unciv/ui/screens/multiplayerscreens/AddMultiplayerGameScreen.kt","8","2","keep","kept","Retained after audit because it is part of web enablement, shared runtime support, tests, or CI integration and was not proven unnecessary.","Yes","Yes","audited_non_web","keep","Legacy audited keep; retain only if still required for web correctness or shared test support."
"core/src/com/unciv/ui/screens/multiplayerscreens/EditFriendScreen.kt","2","2","keep","kept","Retained after audit because it is part of web enablement, shared runtime support, tests, or CI integration and was not proven unnecessary.","Yes","Yes","audited_non_web","keep","Legacy audited keep; retain only if still required for web correctness or shared test support."
"core/src/com/unciv/ui/screens/multiplayerscreens/GameList.kt","7","0","keep","kept","Retained after audit because it is part of web enablement, shared runtime support, tests, or CI integration and was not proven unnecessary.","Yes","Yes","audited_non_web","keep","Legacy audited keep; retain only if still required for web correctness or shared test support."
"core/src/com/unciv/ui/screens/multiplayerscreens/MultiplayerScreen.kt","6","3","keep","kept","Retained after audit because it is part of web enablement, shared runtime support, tests, or CI integration and was not proven unnecessary.","Yes","Yes","audited_non_web","keep","Legacy audited keep; retain only if still required for web correctness or shared test support."
"core/src/com/unciv/ui/screens/newgamescreen/GameOptionsTable.kt","90","46","keep","kept","Retained after audit because it is part of web enablement, shared runtime support, tests, or CI integration and was not proven unnecessary.","Yes","Yes","audited_non_web","keep","Legacy audited keep; retain only if still required for web correctness or shared test support."
"core/src/com/unciv/ui/screens/newgamescreen/MapOptionsTable.kt","67","47","keep","kept","Retained after audit because it is part of web enablement, shared runtime support, tests, or CI integration and was not proven unnecessary.","Yes","Yes","audited_non_web","keep","Legacy audited keep; retain only if still required for web correctness or shared test support."
"core/src/com/unciv/ui/screens/newgamescreen/MapParametersTable.kt","72","30","keep","kept","Retained after audit because it is part of web enablement, shared runtime support, tests, or CI integration and was not proven unnecessary.","Yes","Yes","audited_non_web","keep","Legacy audited keep; retain only if still required for web correctness or shared test support."
"core/src/com/unciv/ui/screens/newgamescreen/ModCheckboxTable.kt","89","36","keep","kept","Retained after audit because it is part of web enablement, shared runtime support, tests, or CI integration and was not proven unnecessary.","Yes","Yes","audited_non_web","keep","Legacy audited keep; retain only if still required for web correctness or shared test support."
"core/src/com/unciv/ui/screens/newgamescreen/MultiCheckboxTable.kt","16","4","keep","kept","Retained after audit because it is part of web enablement, shared runtime support, tests, or CI integration and was not proven unnecessary.","Yes","Yes","audited_non_web","keep","Legacy audited keep; retain only if still required for web correctness or shared test support."
"core/src/com/unciv/ui/screens/newgamescreen/NationPickerPopup.kt","3","3","keep","kept","Retained after audit because it is part of web enablement, shared runtime support, tests, or CI integration and was not proven unnecessary.","Yes","Yes","audited_non_web","keep","Legacy audited keep; retain only if still required for web correctness or shared test support."
"core/src/com/unciv/ui/screens/newgamescreen/NewGameScreen.kt","187","110","keep","kept","Retained after audit because it is part of web enablement, shared runtime support, tests, or CI integration and was not proven unnecessary.","Yes","Yes","audited_non_web","keep","Legacy audited keep; retain only if still required for web correctness or shared test support."
"core/src/com/unciv/ui/screens/newgamescreen/PlayerPickerTable.kt","15","8","keep","kept","Retained after audit because it is part of web enablement, shared runtime support, tests, or CI integration and was not proven unnecessary.","Yes","Yes","audited_non_web","keep","Legacy audited keep; retain only if still required for web correctness or shared test support."
"core/src/com/unciv/ui/screens/overviewscreen/GlobalPoliticsOverviewTable.kt","1","1","keep","kept","Retained after audit because it is part of web enablement, shared runtime support, tests, or CI integration and was not proven unnecessary.","Yes","Yes","audited_non_web","keep","Legacy audited keep; retain only if still required for web correctness or shared test support."
"core/src/com/unciv/ui/screens/overviewscreen/NotificationsOverviewTable.kt","2","2","keep","kept","Retained after audit because it is part of web enablement, shared runtime support, tests, or CI integration and was not proven unnecessary.","Yes","Yes","audited_non_web","keep","Legacy audited keep; retain only if still required for web correctness or shared test support."
"core/src/com/unciv/ui/screens/pickerscreens/PromotionButton.kt","2","2","keep","kept","Retained after audit because it is part of web enablement, shared runtime support, tests, or CI integration and was not proven unnecessary.","Yes","Yes","audited_non_web","keep","Legacy audited keep; retain only if still required for web correctness or shared test support."
"core/src/com/unciv/ui/screens/pickerscreens/PromotionPickerScreen.kt","1","1","keep","kept","Retained after audit because it is part of web enablement, shared runtime support, tests, or CI integration and was not proven unnecessary.","Yes","Yes","audited_non_web","keep","Legacy audited keep; retain only if still required for web correctness or shared test support."
"core/src/com/unciv/ui/screens/pickerscreens/PromotionScreenColors.kt","13","15","keep","kept","Retained after audit because it is part of web enablement, shared runtime support, tests, or CI integration and was not proven unnecessary.","Yes","Yes","audited_non_web","keep","Legacy audited keep; retain only if still required for web correctness or shared test support."
"core/src/com/unciv/ui/screens/pickerscreens/TechPickerScreen.kt","2","0","keep","kept","Retained after audit because it is part of web enablement, shared runtime support, tests, or CI integration and was not proven unnecessary.","Yes","Yes","audited_non_web","keep","Legacy audited keep; retain only if still required for web correctness or shared test support."
"core/src/com/unciv/ui/screens/savescreens/Gzip.kt","7","10","keep","kept","Retained after audit because it is part of web enablement, shared runtime support, tests, or CI integration and was not proven unnecessary.","Yes","Yes","audited_non_web","keep","Legacy audited keep; retain only if still required for web correctness or shared test support."
"core/src/com/unciv/ui/screens/savescreens/LoadGameScreen.kt","28","16","keep","kept","Retained after audit because it is part of web enablement, shared runtime support, tests, or CI integration and was not proven unnecessary.","Yes","Yes","audited_non_web","keep","Keep stable actor names for browser clickOps and file I/O smoke targeting; no gameplay behavior changes."
"core/src/com/unciv/ui/screens/savescreens/LoadOrSaveScreen.kt","6","6","keep","kept","Retained after audit because it is part of web enablement, shared runtime support, tests, or CI integration and was not proven unnecessary.","Yes","Yes","audited_non_web","keep","Legacy audited keep; retain only if still required for web correctness or shared test support."
"core/src/com/unciv/ui/screens/savescreens/SaveGameScreen.kt","5","3","keep","kept","Retained after audit because it is part of web enablement, shared runtime support, tests, or CI integration and was not proven unnecessary.","Yes","Yes","audited_non_web","keep","Keep stable actor names for browser clickOps and file I/O smoke targeting; no gameplay behavior changes."
"core/src/com/unciv/ui/screens/UniqueBuilderScreen.kt","2","2","keep","kept","Retained after audit because it is part of web enablement, shared runtime support, tests, or CI integration and was not proven unnecessary.","Yes","Yes","audited_non_web","keep","Legacy audited keep; retain only if still required for web correctness or shared test support."
"core/src/com/unciv/ui/screens/victoryscreen/VictoryScreenReplay.kt","1","1","keep","kept","Retained after audit because it is part of web enablement, shared runtime support, tests, or CI integration and was not proven unnecessary.","Yes","Yes","audited_non_web","keep","Legacy audited keep; retain only if still required for web correctness or shared test support."
"core/src/com/unciv/ui/screens/worldscreen/chat/ChatButton.kt","2","1","keep","kept","Retained after audit because it is part of web enablement, shared runtime support, tests, or CI integration and was not proven unnecessary.","Yes","Yes","audited_non_web","keep","Legacy audited keep; retain only if still required for web correctness or shared test support."
"core/src/com/unciv/ui/screens/worldscreen/chat/ChatPopup.kt","2","1","keep","kept","Retained after audit because it is part of web enablement, shared runtime support, tests, or CI integration and was not proven unnecessary.","Yes","Yes","audited_non_web","keep","Legacy audited keep; retain only if still required for web correctness or shared test support."
"core/src/com/unciv/ui/screens/worldscreen/mainmenu/WorldScreenMenuPopup.kt","2","3","keep","kept","Retained after audit because it is part of web enablement, shared runtime support, tests, or CI integration and was not proven unnecessary.","Yes","Yes","audited_non_web","keep","Keep stable actor names for browser clickOps targeting of save/load menu actions; no gameplay behavior changes."
"core/src/com/unciv/ui/screens/worldscreen/status/MultiplayerStatusButton.kt","1","0","keep","kept","Retained after audit because it is part of web enablement, shared runtime support, tests, or CI integration and was not proven unnecessary.","Yes","Yes","audited_non_web","keep","Legacy audited keep; retain only if still required for web correctness or shared test support."
"core/src/com/unciv/ui/screens/worldscreen/status/MultiplayerStatusPopup.kt","1","0","keep","kept","Retained after audit because it is part of web enablement, shared runtime support, tests, or CI integration and was not proven unnecessary.","Yes","Yes","audited_non_web","keep","Legacy audited keep; retain only if still required for web correctness or shared test support."
"core/src/com/unciv/ui/screens/worldscreen/status/NextTurnButton.kt","20","3","keep","kept","Retained after audit because it is part of web enablement, shared runtime support, tests, or CI integration and was not proven unnecessary.","Yes","Yes","audited_non_web","keep","Legacy audited keep; retain only if still required for web correctness or shared test support."
"core/src/com/unciv/ui/screens/worldscreen/TechPolicyDiplomacyButtons.kt","1","0","keep","kept","Retained after audit because it is part of web enablement, shared runtime support, tests, or CI integration and was not proven unnecessary.","Yes","Yes","audited_non_web","keep","Legacy audited keep; retain only if still required for web correctness or shared test support."
"core/src/com/unciv/ui/screens/worldscreen/topbar/WorldScreenTopBar.kt","1","0","keep","kept","Retained as a shared UI hook for browser clickOps targeting; no gameplay behavior changes.","Yes","Yes","audited_non_web","keep","Keep a stable actor name for opening the world menu in browser clickOps flows; no gameplay behavior changes."
"core/src/com/unciv/ui/screens/worldscreen/unit/actions/UnitActionsTable.kt","22","0","keep","kept","Retained after audit because it is part of web enablement, shared runtime support, tests, or CI integration and was not proven unnecessary.","Yes","Yes","audited_non_web","keep","Legacy audited keep; retain only if still required for web correctness or shared test support."
"core/src/com/unciv/ui/screens/worldscreen/unit/UnitTable.kt","2","2","keep","kept","Retained after audit because it is part of web enablement, shared runtime support, tests, or CI integration and was not proven unnecessary.","Yes","Yes","audited_non_web","keep","Legacy audited keep; retain only if still required for web correctness or shared test support."
"core/src/com/unciv/ui/screens/worldscreen/worldmap/WorldMapHolder.kt","127","61","keep","kept","Retained after audit because it is part of web enablement, shared runtime support, tests, or CI integration and was not proven unnecessary.","Yes","Yes","audited_non_web","keep","Legacy audited keep; retain only if still required for web correctness or shared test support."
"core/src/com/unciv/ui/screens/worldscreen/WorldScreen.kt","95","31","partial_revert","fixed","Kept next-turn blocked until autosave completion again instead of clearing the autosave gate immediately on single-threaded runtimes.","Yes","Yes","audited_non_web","compose","Legacy partial revert; keep upstream as the default behavior and re-apply only the minimal web-specific adaptation."
"core/src/com/unciv/UncivGame.kt","119","30","keep","kept","Retained after audit because it is part of web enablement, shared runtime support, tests, or CI integration and was not proven unnecessary.","Yes","Yes","audited_non_web","keep","Legacy audited keep; retain only if still required for web correctness or shared test support."
"core/src/com/unciv/utils/AppClipboard.kt","124","0","keep","kept","Retained after audit because it is part of web enablement, shared runtime support, tests, or CI integration and was not proven unnecessary.","Yes","Yes","audited_non_web","keep","Legacy audited keep; retain only if still required for web correctness or shared test support."
"core/src/com/unciv/utils/Concurrency.kt","5","0","keep","kept","Retained after audit because it is part of web enablement, shared runtime support, tests, or CI integration and was not proven unnecessary.","Yes","Yes","audited_non_web","keep","Legacy audited keep; retain only if still required for web correctness or shared test support."
"core/src/com/unciv/utils/Log.kt","10","3","keep","kept","Retained after audit because it is part of web enablement, shared runtime support, tests, or CI integration and was not proven unnecessary.","Yes","Yes","audited_non_web","keep","Legacy audited keep; retain only if still required for web correctness or shared test support."
"core/src/com/unciv/utils/LongPriorityQueue.kt","1","2","keep","kept","Retained after audit because it is part of web enablement, shared runtime support, tests, or CI integration and was not proven unnecessary.","Yes","Yes","audited_non_web","keep","Legacy audited keep; retain only if still required for web correctness or shared test support."
"desktop/src/com/unciv/app/desktop/DesktopDisplay.kt","1","1","keep","kept","Retained after audit because it is part of web enablement, shared runtime support, tests, or CI integration and was not proven unnecessary.","Yes","Yes","audited_non_web","keep","Legacy audited keep; retain only if still required for web correctness or shared test support."
"desktop/src/com/unciv/app/desktop/DesktopLauncher.kt","2","2","keep","kept","Retained after audit because it is part of web enablement, shared runtime support, tests, or CI integration and was not proven unnecessary.","Yes","Yes","audited_non_web","keep","Legacy audited keep; retain only if still required for web correctness or shared test support."
"docker-compose.web.yml","23","0","keep","kept","Retained after audit because it is part of web enablement, shared runtime support, tests, or CI integration and was not proven unnecessary.","Yes","Yes","protected_web","",""
"docs/index.md","2","0","keep","kept","Retained after audit because it is part of web enablement, shared runtime support, tests, or CI integration and was not proven unnecessary.","Yes","Yes","audited_non_web","keep","Legacy audited keep; retain only if still required for web correctness or shared test support."
"gradle.properties","1","1","keep","kept","Retained after audit because it is part of web enablement, shared runtime support, tests, or CI integration and was not proven unnecessary.","Yes","Yes","audited_non_web","keep","Legacy audited keep; retain only if still required for web correctness or shared test support."
"gradle/wrapper/gradle-wrapper.properties","1","1","keep","kept","Retained after audit because it is part of web enablement, shared runtime support, tests, or CI integration and was not proven unnecessary.","Yes","Yes","audited_non_web","keep","Legacy audited keep; retain only if still required for web correctness or shared test support."
"gradlew","7","5","keep","kept","Retained after audit because it is part of web enablement, shared runtime support, tests, or CI integration and was not proven unnecessary.","Yes","Yes","audited_non_web","keep","Legacy audited keep; retain only if still required for web correctness or shared test support."
"gradlew.bat","0","2","keep","kept","Retained after audit because it is part of web enablement, shared runtime support, tests, or CI integration and was not proven unnecessary.","Yes","Yes","audited_non_web","keep","Legacy audited keep; retain only if still required for web correctness or shared test support."
"scripts/web/check-performance-budget.js","116","0","keep","kept","Retained after audit because it is part of web enablement, shared runtime support, tests, or CI integration and was not proven unnecessary.","Yes","Yes","protected_web","",""
"scripts/web/check-regression.js","113","0","keep","kept","Retained after audit because it is part of web enablement, shared runtime support, tests, or CI integration and was not proven unnecessary.","Yes","Yes","protected_web","",""
"scripts/web/check-slf4j-provider.sh","46","0","keep","kept","Retained after audit because it is part of web enablement, shared runtime support, tests, or CI integration and was not proven unnecessary.","Yes","Yes","protected_web","",""
"scripts/web/in-container.sh","16","0","keep","kept","Retained after audit because it is part of web enablement, shared runtime support, tests, or CI integration and was not proven unnecessary.","Yes","Yes","protected_web","",""
"scripts/web/lib/chromium-args.js","31","0","keep","kept","Retained after audit because it is part of web enablement, shared runtime support, tests, or CI integration and was not proven unnecessary.","Yes","Yes","protected_web","",""
"scripts/web/lib/clickops-common.js","356","0","keep","kept","Retained after audit because it is part of web enablement, shared runtime support, tests, or CI integration and was not proven unnecessary.","Yes","Yes","protected_web","",""
"scripts/web/lib/ui-e2e-common.js","527","0","keep","kept","Retained after audit because it is part of web enablement, shared runtime support, tests, or CI integration and was not proven unnecessary.","Yes","Yes","protected_web","",""
"scripts/web/lib/ui-war-runner.js","245","0","keep","kept","Retained after audit because it is part of web enablement, shared runtime support, tests, or CI integration and was not proven unnecessary.","Yes","Yes","protected_web","",""
"scripts/web/multiplayer-test-server.js","223","0","keep","kept","Retained after audit because it is part of web enablement, shared runtime support, tests, or CI integration and was not proven unnecessary.","Yes","Yes","protected_web","",""
"scripts/web/run-js-browser-tests.js","217","0","keep","kept","Retained after audit because it is part of web enablement, shared runtime support, tests, or CI integration and was not proven unnecessary.","Yes","Yes","protected_web","",""
"scripts/web/run-war-ui-e2e-local.sh","73","0","keep","kept","Retained after audit because it is part of web enablement, shared runtime support, tests, or CI integration and was not proven unnecessary.","Yes","Yes","protected_web","",""
"scripts/web/run-web-build-js-ci.sh","37","0","keep","kept","Retained after audit because it is part of web enablement, shared runtime support, tests, or CI integration and was not proven unnecessary.","Yes","Yes","protected_web","",""
"scripts/web/run-web-clickops-multiplayer.js","601","0","keep","kept","Retained after audit because it is part of web enablement, shared runtime support, tests, or CI integration and was not proven unnecessary.","Yes","Yes","protected_web","",""
"scripts/web/run-web-multiplayer-multi-instance.js","276","0","keep","kept","Retained after audit because it is part of web enablement, shared runtime support, tests, or CI integration and was not proven unnecessary.","Yes","Yes","protected_web","",""
"scripts/web/run-web-ui-core-loop.js","130","0","keep","kept","Retained after audit because it is part of web enablement, shared runtime support, tests, or CI integration and was not proven unnecessary.","Yes","Yes","protected_web","",""
"scripts/web/run-web-ui-map-editor.js","127","0","keep","kept","Retained after audit because it is part of web enablement, shared runtime support, tests, or CI integration and was not proven unnecessary.","Yes","Yes","protected_web","",""
"scripts/web/run-web-ui-multiplayer.js","221","0","keep","kept","Retained after audit because it is part of web enablement, shared runtime support, tests, or CI integration and was not proven unnecessary.","Yes","Yes","protected_web","",""
"scripts/web/run-web-ui-war-deep.js","25","0","keep","kept","Retained after audit because it is part of web enablement, shared runtime support, tests, or CI integration and was not proven unnecessary.","Yes","Yes","protected_web","",""
"scripts/web/run-web-ui-war-from-start.js","27","0","keep","kept","Retained after audit because it is part of web enablement, shared runtime support, tests, or CI integration and was not proven unnecessary.","Yes","Yes","protected_web","",""
"scripts/web/run-web-ui-war-preworld.js","29","0","keep","kept","Retained after audit because it is part of web enablement, shared runtime support, tests, or CI integration and was not proven unnecessary.","Yes","Yes","protected_web","",""
"scripts/web/run-web-validation.js","364","0","keep","kept","Retained after audit because it is part of web enablement, shared runtime support, tests, or CI integration and was not proven unnecessary.","Yes","Yes","protected_web","",""
"scripts/web/static-server.py","19","0","keep","kept","Retained after audit because it is part of web enablement, shared runtime support, tests, or CI integration and was not proven unnecessary.","Yes","Yes","protected_web","",""
"scripts/web/write-web-summary.js","282","0","keep","kept","Retained after audit because it is part of web enablement, shared runtime support, tests, or CI integration and was not proven unnecessary.","Yes","Yes","protected_web","",""
"server/src/com/unciv/app/server/UncivServer.kt","20","2","keep","kept","Retained after audit because it is part of web enablement, shared runtime support, tests, or CI integration and was not proven unnecessary.","Yes","Yes","audited_non_web","keep","Legacy audited keep; retain only if still required for web correctness or shared test support."
"settings.gradle.kts","1","1","keep","kept","Retained after audit because it is part of web enablement, shared runtime support, tests, or CI integration and was not proven unnecessary.","Yes","Yes","audited_non_web","keep","Legacy audited keep; retain only if still required for web correctness or shared test support."
"tests/src/com/unciv/logic/GameSerializationTests.kt","16","9","keep","kept","Retained after audit because it is part of web enablement, shared runtime support, tests, or CI integration and was not proven unnecessary.","Yes","Yes","audited_non_web","keep","Legacy audited keep; retain only if still required for web correctness or shared test support."
"tests/src/com/unciv/logic/LoadGameTest.kt","2","0","keep","kept","Retained after audit because it is part of web enablement, shared runtime support, tests, or CI integration and was not proven unnecessary.","Yes","Yes","audited_non_web","keep","Legacy audited keep; retain only if still required for web correctness or shared test support."
"tests/src/com/unciv/logic/map/PathingMapTest.kt","8","3","keep","kept","Retained after audit because it is part of web enablement, shared runtime support, tests, or CI integration and was not proven unnecessary.","Yes","Yes","audited_non_web","keep","Legacy audited keep; retain only if still required for web correctness or shared test support."
"tests/src/com/unciv/logic/TranslationTests.kt","1","0","keep","kept","Retained after audit because it is part of web enablement, shared runtime support, tests, or CI integration and was not proven unnecessary.","Yes","Yes","audited_non_web","keep","Legacy audited keep; retain only if still required for web correctness or shared test support."
"tests/src/com/unciv/testing/BasicTests.kt","7","1","keep","kept","Retained after audit because it is part of web enablement, shared runtime support, tests, or CI integration and was not proven unnecessary.","Yes","Yes","audited_non_web","keep","Legacy audited keep; retain only if still required for web correctness or shared test support."
"tests/src/com/unciv/testing/GdxTestRunner.kt","13","1","keep","kept","Retained after audit because it is part of web enablement, shared runtime support, tests, or CI integration and was not proven unnecessary.","Yes","Yes","audited_non_web","keep","Legacy audited keep; retain only if still required for web correctness or shared test support."
"tests/src/com/unciv/uniques/CountableTests.kt","18","7","keep","kept","Retained after audit because it is part of web enablement, shared runtime support, tests, or CI integration and was not proven unnecessary.","Yes","Yes","audited_non_web","keep","Legacy audited keep; retain only if still required for web correctness or shared test support."
"tests/src/com/unciv/uniques/UnitUniquesTests.kt","18","2","keep","kept","Retained after audit because it is part of web enablement, shared runtime support, tests, or CI integration and was not proven unnecessary.","Yes","Yes","audited_non_web","keep","Legacy audited keep; retain only if still required for web correctness or shared test support."
"tmp/.gitkeep","0","0","keep","kept","Retained after audit because it is part of web enablement, shared runtime support, tests, or CI integration and was not proven unnecessary.","Yes","Yes","protected_web","",""
